序号,标题,链接,时长
1,"GALAXEA Founder Gao Jiyang: Catfish Effect, Zeng Guofan, Waymo vs. Momenta, and Why Xu Huazhe Left",https://www.youtube.com/watch?v=c-ZVu-Cr1FQ,11054秒
2,132. 对星海图创始人高继扬的3小时访谈：鲶鱼、曾国藩、Waymo与Momenta的两面、一只狼与许华哲的离开,https://www.youtube.com/watch?v=n4_c_HsodPg,11092秒
3,"Yin Qi: On Chairing StepFun, the Seduction of Intelligence, and a Brutal Long-Horizon Game",https://www.youtube.com/watch?v=gWmyu3x5rXY,7204秒
4,131. 印奇出任阶跃星辰董事长的访谈：聪明人的诱惑、取舍、超长链路残酷淘汰赛、阶跃函数和超多元方程,https://www.youtube.com/watch?v=dm0Zsm9BiD8,7094秒
5,130. 张月光创业两年首次访谈：妙鸭不是AI Native产品、流程到上下文设计、One Way Door和乙女游戏,https://www.youtube.com/watch?v=ruVJ_5dObxs,11655秒
6,Zhipu CEO Zhang Peng: Inside the IPO of China’s First Publicly Listed LLM Company,https://www.youtube.com/watch?v=toy8RLeFZ08,8675秒
7,129. 全球大模型第一股的上市访谈，和智谱CEO张鹏聊：敢问路在何方？,https://www.youtube.com/watch?v=9zSMTUUEfmU,8800秒
8,"Manus' Final Interview Before the Acquisition: Oh, the Surreal Odyssey of 2025…",https://www.youtube.com/watch?v=UqMtkgQe-kI,12660秒
9,128. Manus决定出售前最后的访谈：啊，这奇幻的2025年漂流啊…,https://www.youtube.com/watch?v=MW-ezf2RhVg,12677秒
10,127. 大模型季报跨年对谈：和广密预言一场AI War、两大联盟和第三个范式Online Learning,https://www.youtube.com/watch?v=SG90aehV3vU,4683秒
11,126. 和红杉郑庆生聊：经济史的流量革命、人类行为模式的不可预期，与创始人性格,https://www.youtube.com/watch?v=uOOB1azmbXk,6187秒
12,125. 与Altimeter合伙人Freda聊：下注OpenAI、Robinhood往事，美国资本坏小孩、算盘与泡沫,https://www.youtube.com/watch?v=k82iFzvKFCQ,5066秒
13,124. 年终对话【站在2025年之外】和戴雨森聊2026年预期、The Year of R、回调、我们如何下注,https://www.youtube.com/watch?v=EosO2Qd35Cw,12184秒
14,123. 对ONE2X创始人王冠3小时访谈：生成系统、没有中间商赚差价、内容平台的权力分配,https://www.youtube.com/watch?v=qZbzFZ2R_Nw,13374秒
15,"Xiaohu Zhu: Realism, the AI Feast and Its Bubbles, and a Fifteen-Degree Shift from Consensus",https://www.youtube.com/watch?v=-sowOoOeQz4,2786秒
16,122. 朱啸虎现实主义故事的第三次连载：人工智能的盛筵与泡泡,https://www.youtube.com/watch?v=wK0-m3rKgZ0,2880秒
17,121. 对DeepMind谭捷的访谈：机器人、跨本体、世界模型、Gemini Robotics 1.5和Google,https://www.youtube.com/watch?v=2o281Zy5aZE,7576秒
18,120. 小鹏新上任的刘先明首次访谈：Language是毒药、拆掉L、简单即美、换帅、小鹏的AI转型,https://www.youtube.com/watch?v=40qPt8R2uys,6526秒
19,119. Kimi Linear、Minimax M2？和杨松琳考古算法变种史，并预演未来架构改进方案,https://www.youtube.com/watch?v=858HR43pegk,6206秒
20,"Li Auto Founder Li Xiang: MoE, Liang Wenfeng, VLA, Energy, Memory, Intimacy & Human Intelligence",https://www.youtube.com/watch?v=HvMANU1yc0U,9832秒
21,118. 对李想的第二次3小时访谈：CEO大模型、MoE、梁文锋、VLA、能量、记忆、对抗人性、亲密关系、人类的智慧,https://www.youtube.com/watch?v=RxXVq7-sJzM,9982秒
22,Let’s Dive into Papers Together | 干货！开源一段论文探索之旅,https://www.youtube.com/watch?v=RUfeYhsundg,15758秒
23,117. 开源一段论文探索之旅：模型范式、Infra和数据、语言、多模态的完整变迁史,https://www.youtube.com/watch?v=zrvnoYYPaWQ,15757秒
24,116. 吴明辉口述19年史：漫长的沉浮、痛苦急转、企业级Agentic Model、现实世界的数值游戏、IPO,https://www.youtube.com/watch?v=khrOsS7YQn4,13665秒
25,115. 对OpenAI姚顺雨3小时访谈：6年Agent研究、人与系统、吞噬的边界、既单极又多元的世界,https://www.youtube.com/watch?v=gQgKkUsx5q0,9092秒
26,114. 与殷一、欧迪聊聊萨洛蒙：中国意外的增长阀门、小众越野跑与少女故事,https://www.youtube.com/watch?v=wCdVD6ByUqQ,4708秒
27,"Kimi Founder Yang Zhilin: K2, Agentic LLMs, Brains in Vats, and the Beginning of Infinity",https://www.youtube.com/watch?v=91fmhAnECVc,5979秒
28,113. 和杨植麟时隔1年的对话：K2、Agentic LLM、缸中之脑和“站在无限的开端”,https://www.youtube.com/watch?v=ouG6jrkECrc,6074秒
29,112. 和广密聊大模型季报：分化与收敛、全家桶与垂直整合、L4体验与挖矿窗口,https://www.youtube.com/watch?v=6yExfoTuSWw,4151秒
30,111. 李一帆口述激光雷达11年创业史：你仔细想行业的机会来自哪？是国家、民族的机会,https://www.youtube.com/watch?v=JxEetUlV9RA,11312秒
31,110. 逐段讲解Kimi K2报告并对照ChatGPT Agent、Qwen3-Coder等：“系统工程的力量”,https://www.youtube.com/watch?v=8dKBH4x0D9o,8445秒
32,Lovart创始人陈冕复盘应用创业这两年（视频）：这一刻就是好爽啊！！哈哈哈哈哈,https://www.youtube.com/watch?v=biptonYq-ys,6297秒
33,109. 机器人遭遇数据荒？与谢晨聊：仿真与合成数据、Meta天价收购和Alexandr Wang,https://www.youtube.com/watch?v=pWY0HVUH8GA,6069秒
34,余凯口述30年史（视频）：世界不止刀光剑影，是一部人来人往的江湖故事,https://www.youtube.com/watch?v=g_Pf6R95SiI,9227秒
35,108. 余凯口述30年史：世界不止刀光剑影，是一部人来人往的江湖故事,https://www.youtube.com/watch?v=853ETjAecz4,10627秒
36,和王鹤聊，具身智能的学术边缘史和资本轰炸后的人为乱象（含字幕）,https://www.youtube.com/watch?v=Puptr04av5g,9491秒
37,107. 和梦秋的catch-up：创投挺无聊，也聊聊旅行读书和女性主义,https://www.youtube.com/watch?v=SstqDiZAUmo,5504秒
38,106. 和王鹤聊，具身智能的学术边缘史和资本轰炸后的人为乱象,https://www.youtube.com/watch?v=9DnjiuN6Yg0,9532秒
39,105. 和奔驰王忻聊，产业大转折下的德国汽车、话语权和技术battle,https://www.youtube.com/watch?v=0ZAGKna4wLY,5536秒
40,人类驯服可控核聚变还有多少路程？对能量奇点创始人杨钊3小时访谈（含字幕）,https://www.youtube.com/watch?v=pVuE4J5cn98,9223秒
41,104. 和Rokid祝铭明聊，吴妈、阿里、硬件创业黑森林的第11年,https://www.youtube.com/watch?v=qW-kgogQwJc,7736秒
42,103. Lovart创始人陈冕复盘应用创业这两年：这一刻就是好爽啊！！哈哈哈哈哈,https://www.youtube.com/watch?v=Xo7TxXkNsoA,6328秒
43,102. 和张祥雨聊，多模态研究的挣扎史和未来两年的2个“GPT-4时刻”,https://www.youtube.com/watch?v=vWrYHvSRz0s,8924秒
44,101. 对YouWare创始人明超平3小时访谈：今天Agent像大猩猩刚拿起一根烧火棍,https://www.youtube.com/watch?v=a04POJEknCY,9765秒
45,100. 对话奔驰全球CEO康林松：转型期CEO和转型之中的139岁奔驰,https://www.youtube.com/watch?v=9Yjws_rt378,3477秒
46,99. 对能量奇点创始人杨钊3小时访谈：人类驯服可控核聚变还有多少路程？,https://www.youtube.com/watch?v=aoaSwGAJW6M,9275秒
47,【独家对话奔驰全球CEO康林松】转型之中的139岁奔驰,https://www.youtube.com/watch?v=2Qs4MfEzCO0,2047秒
48,逐篇解析机器人基座模型和VLA经典论文（含投屏版）——“人就是最智能的VLA”,https://www.youtube.com/watch?v=eiQFomOuCJs,8981秒
49,98. 逐篇讲解机器人基座模型和VLA经典论文——“人就是最智能的VLA”,https://www.youtube.com/watch?v=3jI6F3M2ocU,8981秒
50,97. 25年Q1大模型季报：和广密聊当下最大非共识、AGI的主线与主峰,https://www.youtube.com/watch?v=YshXmh_q_Q4,7271秒
51,96. 和郎咸朋聊，自动驾驶10年演进史、关键技术细节和特斯拉,https://www.youtube.com/watch?v=qtugoE1xQZk,7220秒
52,95. 对Manus创始人肖弘的3小时访谈：世界不是线性外推，做博弈中的重要变量,https://www.youtube.com/watch?v=VdWEE6vOYRw,12167秒
53,94. 逐篇讲解DeepSeek、Kimi、MiniMax注意力机制新论文——“硬件上的暴力美学”,https://www.youtube.com/watch?v=42CveqxzU5M,9373秒
54,逐篇讲解DeepSeek、Kimi、MiniMax注意力机制新论文（含投屏版）——“硬件上的暴力美学”,https://www.youtube.com/watch?v=VaDDCfggaJE,9373秒
55,93. 离开字节、MiniMax的张前川，发出AGI对人类威胁的预警,https://www.youtube.com/watch?v=hBEOntt_pxM,7642秒
56,92. 和张亚勤院士聊，意识、寿命、机器人、生物智能和物种的延伸,https://www.youtube.com/watch?v=77rA4Gofyik,3187秒
57,逐篇讲解DeepSeek关键9篇论文及创新点（含投屏）——“勇敢者的游戏”,https://www.youtube.com/watch?v=Hbmr1dJutnk,12053秒
58,91. 逐篇讲解DeepSeek关键9篇论文及创新点——“勇敢者的游戏”,https://www.youtube.com/watch?v=j5CSpSqNCJw,12053秒
59,90. 朱啸虎又来了：中国现实主义AIGC故事的1周年连载,https://www.youtube.com/watch?v=WUxS_r9hFHc,3788秒
60,89. 逐句讲解DeepSeek-R1、Kimi K1.5、OpenAI o1技术报告——“最优美的算法最干净”,https://www.youtube.com/watch?v=0AImqp6KznY,10175秒
61,88. 和吴翼技术解读OpenAI Operator：推理从抽象世界走向物理世界的开端,https://www.youtube.com/watch?v=usv9yyA0bs0,4322秒
62,87. 对李想的3小时访谈（播客版）：宅男、AI、家庭、游戏和天梯,https://www.youtube.com/watch?v=mbiPeZnmz9A,10418秒
63,【李想2024唯一深度对谈（纯享版）】张小珺对话李想,https://www.youtube.com/watch?v=4ZWJj0D_FSA,5233秒
64,86. 大模型季报年终特辑：和广密预言LLM产品超越Google之路,https://www.youtube.com/watch?v=NbLjYB_g_ss,5534秒
65,85. 与总统竞选成员聊，总统候选人与美国叙事如何PMF？,https://www.youtube.com/watch?v=Y9ORAaoKSjA,3131秒
66,84. 融了近4亿的AI创业者在干嘛？岂凡超的第一次访谈,https://www.youtube.com/watch?v=NNKoxIL00kg,6263秒
67,83. 黄仁勋和3万亿美元英伟达是如何炼成的？,https://www.youtube.com/watch?v=h21t9FgGtOs,6246秒
68,82. 和以太坊Vitalik Buterin聊：LLM的权力、技术哲学观与猫,https://www.youtube.com/watch?v=ec4PJQXDOHw,4090秒
69,81. 和李开复聊聊：如果美国形成AGI霸权，我们应该怎么办？,https://www.youtube.com/watch?v=fZB74w6jg7U,5947秒
70,80. 和知乎周源聊，社会化编辑部、孤独的悖论、AI与宿命,https://www.youtube.com/watch?v=pYR5Y6hgSKY,4849秒
71,79. 特斯拉股价跌了，Uber却涨了？漫谈特斯拉Robotaxi大会,https://www.youtube.com/watch?v=_nqR-T5tl-M,3530秒
72,78. 从蒸汽机到无人驾驶5｜谈谈自动驾驶创投过山车这8年,https://www.youtube.com/watch?v=pd0sFo0s_7Y,4493秒
73,77. 并购重组会兴起吗？和陆复斌聊他隐蔽做全球并购这5年,https://www.youtube.com/watch?v=AcAHo3dijPc,5656秒
74,76. 王小川返场谈o1与强化学习：摸到了一条从快思考走向慢思考的路,https://www.youtube.com/watch?v=GNWkGeCwT4s,2345秒
75,75. 和OpenAI前研究员吴翼解读o1：吹响了开挖第二座金矿的号角,https://www.youtube.com/watch?v=8fDHQAVWInI,4451秒
76,74. 从蒸汽机到无人驾驶4｜Waymo和它的对手们：我暗中考察了四个月,https://www.youtube.com/watch?v=P570E0a1Sg4,4424秒
77,73. AGI范式大转移：和广密预言草莓、OpenAI o1和self-play RL｜全球大模型季报4,https://www.youtube.com/watch?v=36YGSInEKyA,5222秒
78,72. 从蒸汽机到无人驾驶3｜和孟醒聊特斯拉FSD进化史,https://www.youtube.com/watch?v=uTj7nDasNGg,5463秒
79,71. 和楼天城聊聊Robotaxi和ACRush：“L2做得越厉害，离L4越远”,https://www.youtube.com/watch?v=th46JjuTQos,3619秒
80,70. 和何小鹏聊，FSD、“在血海游泳”、乱世中的英雄与狗熊,https://www.youtube.com/watch?v=OVN9fWn4bJ4,5249秒
81,69. 口述全球大模型这半年：Perplexity突然火爆和尚未爆发的AI应用生态,https://www.youtube.com/watch?v=OzvgUwDWXKQ,4004秒
82,68. 和MiniMax天使投资人聊，MiniMax幕后故事和大模型资本扑克牌,https://www.youtube.com/watch?v=Fzr8XV33t9I,3764秒
83,67. 谈谈黄仁勋搭建的组织系统：分布式操作系统，“就像一台GPU”,https://www.youtube.com/watch?v=2L-0EXsVAVM,4496秒
84,66. 和李志飞聊IPO、GPT-4o和你不知道的前沿科技创业的痛,https://www.youtube.com/watch?v=ReJaFJO4JDY,5359秒
85,65. 风险投资的钥匙失灵了吗？和梦秋聊：蛰伏、更少人的游戏和啮齿动物,https://www.youtube.com/watch?v=IYVkV2t3g14,4619秒
86,64. 和广密聊AGI大基建时代：电+芯片=产出智能,https://www.youtube.com/watch?v=uwyX5ezh_-A,4916秒
87,63. 商业口述史：中资到海外买买买的大时代，以430亿美元并购先正达为最高潮,https://www.youtube.com/watch?v=rHqcCi__Dlc,6230秒
88,62. 你们要的朱啸虎，来了,https://www.youtube.com/watch?v=EY2zQENg-RI,3135秒
89,61. 和王小川聊再创业这一年：回应朱啸虎与中国AGI第三种可能,https://www.youtube.com/watch?v=M1ywnxxH5sw,5493秒
90,60. 与戴雨森和季逸超聊，一幅Sora的信息拼图和大模型淘汰赛,https://www.youtube.com/watch?v=I5asIq_vpHs,5956秒
91,59. 和杨植麟聊大模型创业这一年：人类理想的增量、有概率的非共识和Sora,https://www.youtube.com/watch?v=DLsQUq8U2z8,4800秒
92,58. 和吴晓波聊中国企业家小史：如果未来没有大生意，年轻人不如过自己喜欢的人生,https://www.youtube.com/watch?v=X6EgRlmCX0w,2498秒
93,57. 《繁花》真实版上海90年代：充满危险气息的黄河路和股市,https://www.youtube.com/watch?v=jVU1dCMj2ik,4413秒
94,56. 拼多多、名创优品崛起，是消费降级胜利吗？漫谈名创全球化之路,https://www.youtube.com/watch?v=i6lxbMvq6Hk,5713秒
95,55. 与小Lin的线下活动｜不可控周期中，提高微小个体的生命质量,https://www.youtube.com/watch?v=8R4K-XYBPo8,3325秒
96,54. 口述全球大模型这一年：人类千亿科学豪赌与参差的中美景观,https://www.youtube.com/watch?v=3n8FPjjNChs,5587秒
97,53. 从萨特曼的宏大叙事，聊到赴中东掘金的中国人肖像,https://www.youtube.com/watch?v=khvuJVCon4Y,3917秒
98,52.【职场人性】论嫉妒：人类最禁忌的情感，在职场里暗涌,https://www.youtube.com/watch?v=KGvTT7IXdAU,4813秒
99,51. 地缘政治与大国汽车：中国跃居第一出口国？别浪费大危机,https://www.youtube.com/watch?v=jYcIksen3YQ,4697秒
100,50. 95后、00后创业者怎么样了？他们的生猛、高马斯克值与现实,https://www.youtube.com/watch?v=igiYhM2Xr9Y,4448秒
101,49. 闲话蔚小理往事：大佬、出牌、生死时局【汽车史话番外】,https://www.youtube.com/watch?v=gaoUWY2Lk0g,3927秒
102,48. OpenAI的权力游戏：脸谱、硅谷精英政治与讽刺意味,https://www.youtube.com/watch?v=ezH9xrZpklU,4010秒
103,47. 接班百亿基金的琐碎小事：徐小平和他的门徒,https://www.youtube.com/watch?v=Qa3EKjbPDrk,4904秒
104,46. 失去逍遥子的第一个双十一：诡计、大混战与小阳谋,https://www.youtube.com/watch?v=wJ6fVGXXqTw,5105秒
105,45. 漫谈宝洁：隐藏在186年消费品王国里的规则和秘密,https://www.youtube.com/watch?v=COraIk6ulvc,5678秒
106,44. 谈诺贝尔经济奖与40+消失在黄金阶梯上的女人,https://www.youtube.com/watch?v=JRSAyJ7HKhg,3240秒
107,43.【汽车史话03】从“盛产管理大师”的通用汽车，看美式车企百年荣辱,https://www.youtube.com/watch?v=mORRq0Cy90k,3854秒
108,42.【汽车史话02】集权者福特与全球第二畅销T型车的衰落,https://www.youtube.com/watch?v=HE7v5aOcNMY,3024秒
109,41.【汽车史话01】世界上第一辆燃油车、女车手和慈禧太后,https://www.youtube.com/watch?v=YAt23Bkdc7U,3116秒
110,40. 和美国科技界人士聊硅谷AI的冷与热：第二波浪潮拉开帷幕,https://www.youtube.com/watch?v=AzP7njJZINk,3759秒
111,39. 对凯文·凯利的50问：垄断者与国界、大富翁与人生,https://www.youtube.com/watch?v=R74oJzprlnc,3586秒
112,38. 和软银愿景原GP聊聊，大模型全球降温后，人工智能何去何从,https://www.youtube.com/watch?v=x5q5qnpVMWc,3891秒
113,37. 小冰李笛讲点真心话：只做大模型不追求商业模式是很难生存的,https://www.youtube.com/watch?v=_6G72g73T7s,5261秒
114,36.【做个生意吧！】跳向后海的年轻人、酒精和下沉年代,https://www.youtube.com/watch?v=zzmi0iyoLZA,4849秒
115,34. 被忽视的中腰部公司活得还好吗？他们的欲望、挣扎与天命,https://www.youtube.com/watch?v=X_PJHQ8F1xo,5112秒
116,33.【职场人性】企业内斗，究竟在斗什么？,https://www.youtube.com/watch?v=5O8vY6c1_vE,4109秒
117,32. 第一个把查理·芒格引入中国的人和出版风云,https://www.youtube.com/watch?v=6hHICPEqWjA,4386秒
118,31.【趋势2023】和老范从退潮的内容投资谈起,https://www.youtube.com/watch?v=g4lh4q4bDxY,3951秒
119,30.【职场人性】情商含量越高，公司越平庸？,https://www.youtube.com/watch?v=10zSeFfsdqs,4034秒
120,29. 逆全球化思潮来势汹汹，外企CEO何故密集访华？,https://www.youtube.com/watch?v=fpBAgsYikzE,3059秒
121,28. 和真格刘元聊聊，黑客松复兴、AI狂欢中，怎么夹杂着一丝朦胧的忧伤,https://www.youtube.com/watch?v=uSc5hp5EggA,5472秒
122,27. 英文播客：和深度学习奠基人聊聊大脑、模型和人类的爱,https://www.youtube.com/watch?v=hECykUoD_nM,3854秒
123,26. 令德国人惊吓的上海车展：一幅当代汽车众生图,https://www.youtube.com/watch?v=YSdaMijjwok,5130秒
124,25. OpenAI开源、亚马逊新动作，全球大模型格局走向何方,https://www.youtube.com/watch?v=GZoQZAKhgos,3322秒
125,24.【趋势2023】从北森IPO看充满挑战的中国企服这两年,https://www.youtube.com/watch?v=tqKvxwfuzsQ,4462秒
126,23. 和傅盛从这场伟大的AI变革，谈到创业、恩怨和心性,https://www.youtube.com/watch?v=2CmE6n8nWXo,2981秒
127,22. 要做中国OpenAI？李志飞劝各位同仁冷静点,https://www.youtube.com/watch?v=wZmQrCuIMXU,4098秒
128,21. 投资人视角下的大模型和市场真实水温｜和梦秋聊ChatGPT,https://www.youtube.com/watch?v=QHohx89u5pA,4311秒
129,20. The Information前记者空降巴西，她的拉美商业游记,https://www.youtube.com/watch?v=ZTN3E2-fVPE,3163秒
130,19. 硅谷银行危机未结束：未来风险传导的3个可能,https://www.youtube.com/watch?v=MEOhDeZ3oNA,2216秒
131,18. 商业口述史：从美国往事，到Google输掉OpenAI第一局,https://www.youtube.com/watch?v=nrWuOgBNZFw,4701秒
132,17.【趋势2023】沉闷的港股会好吗、富豪的家办与苦恼,https://www.youtube.com/watch?v=b6TRi2_K_lk,4413秒
133,16.【趋势2023】那些挣到钱、消失的互联网中高层去哪了,https://www.youtube.com/watch?v=T1pqiwXCC-Q,4075秒
134,15. 到美利坚去创业吧,https://www.youtube.com/watch?v=ITLOV-IwnGA,6340秒
135,14. 香港的语言政策、暧昧和青年迷思,https://www.youtube.com/watch?v=DEvMo2Vd4yA,3791秒
136,13. 邮轮小史，去寻找海面上的乌托邦,https://www.youtube.com/watch?v=ITo1dxF0Hy8,3637秒
137,12. 和黄宇翔聊东南亚另5国：小国的扈从和对冲,https://www.youtube.com/watch?v=URcjstypOgc,4195秒
138,11. 新加坡的淘金热和政商环境,https://www.youtube.com/watch?v=fsiPgh9IkjA,5119秒
139,10. 加州土著谈硅谷精神与职场：You can be totally weird!,https://www.youtube.com/watch?v=Kvp2ZG1fFd8,3928秒
140,9. 加更英文原声版：口述一部硅谷风投史,https://www.youtube.com/watch?v=g9rFFzV36jo,4797秒
141,8. 和畅销书作家马拉比聊《The Power Law》：硅谷风投的起源、秘密和大人物肖像,https://www.youtube.com/watch?v=hlsX6MBH7dY,4196秒
142,7. 和谈婧聊：硅谷冻卵历险记和Web3环球旅行,https://www.youtube.com/watch?v=FmY5U201mqk,3975秒
143,6. 显微镜下的硅谷大裁员：一笔笔现实经济账,https://www.youtube.com/watch?v=AOy8ug1xYpY,1992秒
144,5. 和黄宇翔聊东南亚6国：政治、杀戮和国父,https://www.youtube.com/watch?v=oMKVYeFpseU,7156秒
145,4.【到全世界创业生活】寻访越南：最后一个待开掘的儒家社会,https://www.youtube.com/watch?v=SUIP00kujJU,5847秒
146,3. 宇航员与机器人：漫谈深邃浪漫的ROBOT新知,https://www.youtube.com/watch?v=AlqlhEJ_sHg,3508秒
147,2. 和曹巍聊聊马斯克、机器人恐怖谷和《西部世界》,https://www.youtube.com/watch?v=abUzp2dJaEA,3355秒
148,1. 和投资人梦秋聊聊加州、投资寒潮和林黛玉,https://www.youtube.com/watch?v=VJkmkdFpUsM,3285秒
149,串台《硅谷101》｜TikTok如何在Facebook眼皮底下成长起来？,https://www.youtube.com/watch?v=aqFORILgLgk,2310秒
150,《TikTok内幕：张一鸣的巨浪征途》音频版（下集）,https://www.youtube.com/watch?v=GxrRXG7wbOg,2703秒
151,《TikTok内幕：张一鸣的巨浪征途》音频版（上集）,https://www.youtube.com/watch?v=oukZ1O0p_6Q,2123秒
